2.1,Application Layer Protocols,10
2.2,Bridges,2
2.3,Communication,3
2.4,Congestion Control,7
2.5,Crc Polynomial,4
2.6,Csma Cd,5
2.7,Distance Vector Routing,7
2.8,Error Detection,8
2.9,Ethernet,4
2.10,Hamming Code,2
2.11,Icmp,1
2.12,Ip Addressing,8
2.13,Ip Packet,8
2.14,Lan Technologies,6
2.15,Link State Routing,1
2.16,Mac Protocol,4
2.17,Network Flow,5
2.18,Network Layering,6
2.19,Network Protocols,9
2.20,Network Switching,4
2.21,Pure Aloha,1
2.22,Routers Bridge Hubs Switches,1
2.23,Routing,9
2.24,Serial Communication,1
2.25,Sliding Window,15
2.26,Sockets,4
2.27,Stop And Wait,5
2.28,Subnetting,18
2.29,Tcp,17
2.30,Token Bucket,2
2.31,Token Ring,1
2.32,Udp,4
2.33,Wifi,1